Pesos,Umbral
"[-0.20122906 -0.03312762 -0.01144404 -0.01219911  0.1469742   0.34690849
 -0.05860325  0.51370428 -0.02604357 -0.04330905]",0.08995932713248866
